{
  "Q1_1_NoSoftmax": 1365.046148300171,
  "Q1_1_YesSoftmax": 1320.0375690460205,
  "Q1_2_NoSoftmax": 755.7247357368469,
  "Q1_2_YesSoftmax": 767.5412864685059
}